CNPJ;Código Escola;Nome Curso;Modalidade;Cidade
00.837.546/0001-00;12838;TÉCNICO EM AGENTE COMUNITÁRIO DE SAÚDE;EDUCAÇÃO PRESENCIAL;
00.837.546/0001-00;12838;TÉCNICO EM ENFERMAGEM;EDUCAÇÃO PRESENCIAL;
00.837.546/0001-00;12838;TÉCNICO EM FARMÁCIA;EDUCAÇÃO PRESENCIAL;
00.837.546/0001-00;12838;TÉCNICO EM MASSOTERAPIA;EDUCAÇÃO PRESENCIAL;
00.837.546/0001-00;12838;TÉCNICO EM RADIOLOGIA;EDUCAÇÃO PRESENCIAL;
00.837.546/0001-00;12838;TÉCNICO EM SEGURANÇA DO TRABALHO;EDUCAÇÃO PRESENCIAL;
;20253;TÉCNICO EM ADMINISTRAÇÃO;EDUCAÇÃO PRESENCIAL;
;20253;TÉCNICO EM EDIFICAÇÕES;EDUCAÇÃO PRESENCIAL;
;20253;TÉCNICO EM ELETROELETRÔNICA;EDUCAÇÃO PRESENCIAL;
;20253;TÉCNICO EM ELETROMECÂNICA;EDUCAÇÃO PRESENCIAL;
;20253;TÉCNICO EM INFORMÁTICA;EDUCAÇÃO PRESENCIAL;
;20253;TÉCNICO EM LOGÍSTICA;EDUCAÇÃO PRESENCIAL;
;20253;TÉCNICO EM SEGURANÇA DO TRABALHO;EDUCAÇÃO PRESENCIAL;
03.692.424/0004-03;12241;TÉCNICO EM ADMINISTRAÇÃO;EDUCAÇÃO A DISTÂNCIA;
03.692.424/0004-03;12241;TÉCNICO EM ADMINISTRAÇÃO;EDUCAÇÃO A DISTÂNCIA;
03.692.424/0004-03;12241;TÉCNICO EM ADMINISTRAÇÃO;EDUCAÇÃO PRESENCIAL;
03.692.424/0004-03;12241;TÉCNICO EM DESIGN DE INTERIORES;EDUCAÇÃO A DISTÂNCIA;
03.692.424/0004-03;12241;TÉCNICO EM DESIGN DE INTERIORES;EDUCAÇÃO A DISTÂNCIA;
03.692.424/0004-03;12241;TÉCNICO EM INFORMÁTICA;EDUCAÇÃO PRESENCIAL;
03.692.424/0004-03;12241;TÉCNICO EM INFORMÁTICA PARA INTERNET;EDUCAÇÃO A DISTÂNCIA;
03.692.424/0004-03;12241;TÉCNICO EM INFORMÁTICA PARA INTERNET;EDUCAÇÃO A DISTÂNCIA;
03.692.424/0004-03;12241;TÉCNICO EM INFORMÁTICA PARA INTERNET;EDUCAÇÃO A DISTÂNCIA;
03.692.424/0004-03;12241;TÉCNICO EM LOGÍSTICA;EDUCAÇÃO A DISTÂNCIA;
03.692.424/0004-03;12241;TÉCNICO EM LOGÍSTICA;EDUCAÇÃO A DISTÂNCIA;
03.692.424/0004-03;12241;TÉCNICO EM LOGÍSTICA;EDUCAÇÃO A DISTÂNCIA;
03.692.424/0004-03;12241;TÉCNICO EM MEIO AMBIENTE;EDUCAÇÃO A DISTÂNCIA;
03.692.424/0004-03;12241;TÉCNICO EM MEIO AMBIENTE;EDUCAÇÃO A DISTÂNCIA;
03.692.424/0004-03;12241;TÉCNICO EM QUALIDADE;EDUCAÇÃO A DISTÂNCIA;
03.692.424/0004-03;12241;TÉCNICO EM QUALIDADE;EDUCAÇÃO A DISTÂNCIA;
03.692.424/0004-03;12241;TÉCNICO EM RECURSOS HUMANOS;EDUCAÇÃO PRESENCIAL;
03.692.424/0004-03;12241;TÉCNICO EM RECURSOS HUMANOS;EDUCAÇÃO PRESENCIAL;
03.692.424/0004-03;12241;TÉCNICO EM SEGURANÇA DO TRABALHO;EDUCAÇÃO A DISTÂNCIA;
03.692.424/0004-03;12241;TÉCNICO EM SEGURANÇA DO TRABALHO;EDUCAÇÃO PRESENCIAL;
03.692.424/0004-03;12241;TÉCNICO EM SEGURANÇA DO TRABALHO;EDUCAÇÃO A DISTÂNCIA;
03.692.424/0004-03;12241;TÉCNICO EM SEGURANÇA DO TRABALHO;EDUCAÇÃO PRESENCIAL;
03.692.424/0004-03;12241;TÉCNICO EM TRANSAÇÕES IMOBILIÁRIAS;EDUCAÇÃO PRESENCIAL;
03.692.424/0004-03;12241;TÉCNICO EM TRANSAÇÕES IMOBILIÁRIAS;EDUCAÇÃO A DISTÂNCIA;
01.422.127/0001-61;12854;TÉCNICO EM ENFERMAGEM;EDUCAÇÃO PRESENCIAL;
17.578.322/0001-15;42822;TÉCNICO EM AGENTE COMUNITÁRIO DE SAÚDE;EDUCAÇÃO PRESENCIAL;
17.578.322/0001-15;42822;TÉCNICO EM ANÁLISES CLÍNICAS;EDUCAÇÃO PRESENCIAL;
17.578.322/0001-15;42822;TÉCNICO EM ENFERMAGEM;EDUCAÇÃO PRESENCIAL;
17.578.322/0001-15;42822;TÉCNICO EM ENFERMAGEM;EDUCAÇÃO PRESENCIAL;
17.578.322/0001-15;42822;TÉCNICO EM MASSOTERAPIA;EDUCAÇÃO PRESENCIAL;
17.578.322/0001-15;42822;TÉCNICO EM NUTRIÇÃO E DIETÉTICA;EDUCAÇÃO PRESENCIAL;
17.578.322/0001-15;42822;TÉCNICO EM RADIOLOGIA;EDUCAÇÃO PRESENCIAL;
17.578.322/0001-15;42822;TÉCNICO EM SEGURANÇA DO TRABALHO;EDUCAÇÃO PRESENCIAL;
;14547;INFRAESTRUTURA ESCOLAR;EDUCAÇÃO A DISTÂNCIA;
;14547;TÉCNICO EM ELETROELETRÔNICA;EDUCAÇÃO PRESENCIAL;
;14547;TÉCNICO EM ELETROELETRÔNICA;EDUCAÇÃO PRESENCIAL;
;14547;TÉCNICO EM ELETROTÉCNICA;EDUCAÇÃO PRESENCIAL;
;14547;TÉCNICO EM INFORMÁTICA;EDUCAÇÃO PRESENCIAL;
;14547;TÉCNICO EM LOGÍSTICA;EDUCAÇÃO PRESENCIAL;
03.591.599/0002-54;21703;TÉCNICO EM AGENTE COMUNITÁRIO DE SAÚDE;EDUCAÇÃO PRESENCIAL;
03.591.599/0002-54;21703;TÉCNICO EM ANÁLISES CLÍNICAS;EDUCAÇÃO PRESENCIAL;
03.591.599/0002-54;21703;TÉCNICO EM ENFERMAGEM;EDUCAÇÃO PRESENCIAL;
03.591.599/0002-54;21703;TÉCNICO EM MASSOTERAPIA;EDUCAÇÃO PRESENCIAL;
03.591.599/0002-54;21703;TÉCNICO EM RADIOLOGIA;EDUCAÇÃO PRESENCIAL;
00.769.276/0001-39;12839;TÉCNICO EM ADMINISTRAÇÃO;EDUCAÇÃO PRESENCIAL;
00.769.276/0001-39;12839;TÉCNICO EM INFORMÁTICA;EDUCAÇÃO PRESENCIAL;
03.798.361/0001-13;40326;TÉCNICO EM ADMINISTRAÇÃO;EDUCAÇÃO PRESENCIAL;
03.798.361/0001-13;40326;TÉCNICO EM INFORMÁTICA;EDUCAÇÃO PRESENCIAL;
03.798.361/0001-13;40326;TÉCNICO EM PLÁSTICOS;EDUCAÇÃO PRESENCIAL;
03.798.361/0001-13;40326;TÉCNICO EM SEGURANÇA DO TRABALHO;EDUCAÇÃO PRESENCIAL;
;32006;TÉCNICO EM AGROINDÚSTRIA;EDUCAÇÃO PRESENCIAL;
;32006;TÉCNICO EM AGROINDÚSTRIA;EDUCAÇÃO PRESENCIAL;
;32006;TÉCNICO EM BIOTECNOLOGIA;EDUCAÇÃO PRESENCIAL;
07.182.476/0001-30;30715;TÉCNICO EM ADMINISTRAÇÃO;EDUCAÇÃO A DISTÂNCIA;
07.182.476/0001-30;30715;TÉCNICO EM AGROPECUÁRIA;EDUCAÇÃO A DISTÂNCIA;
07.182.476/0001-30;30715;TÉCNICO EM ANÁLISES CLÍNICAS;EDUCAÇÃO A DISTÂNCIA;
07.182.476/0001-30;30715;TÉCNICO EM CONTABILIDADE;EDUCAÇÃO A DISTÂNCIA;
07.182.476/0001-30;30715;TÉCNICO EM EDIFICAÇÕES;EDUCAÇÃO A DISTÂNCIA;
07.182.476/0001-30;30715;TÉCNICO EM ELETROTÉCNICA;EDUCAÇÃO A DISTÂNCIA;
07.182.476/0001-30;30715;TÉCNICO EM ELETROTÉCNICA;EDUCAÇÃO A DISTÂNCIA;
07.182.476/0001-30;30715;TÉCNICO EM ENFERMAGEM;EDUCAÇÃO A DISTÂNCIA;
07.182.476/0001-30;30715;TÉCNICO EM ENFERMAGEM;EDUCAÇÃO PRESENCIAL;
07.182.476/0001-30;30715;TÉCNICO EM ENFERMAGEM;EDUCAÇÃO PRESENCIAL;
07.182.476/0001-30;30715;TÉCNICO EM ENFERMAGEM;EDUCAÇÃO A DISTÂNCIA;
07.182.476/0001-30;30715;TÉCNICO EM ENFERMAGEM;EDUCAÇÃO PRESENCIAL;
07.182.476/0001-30;30715;TÉCNICO EM ESTÉTICA;EDUCAÇÃO A DISTÂNCIA;
07.182.476/0001-30;30715;TÉCNICO EM ESTÉTICA;EDUCAÇÃO A DISTÂNCIA;
07.182.476/0001-30;30715;TÉCNICO EM FARMÁCIA;EDUCAÇÃO A DISTÂNCIA;
07.182.476/0001-30;30715;TÉCNICO EM FARMÁCIA;EDUCAÇÃO A DISTÂNCIA;
07.182.476/0001-30;30715;TÉCNICO EM INFORMÁTICA;EDUCAÇÃO A DISTÂNCIA;
07.182.476/0001-30;30715;TÉCNICO EM MEIO AMBIENTE;EDUCAÇÃO A DISTÂNCIA;
07.182.476/0001-30;30715;TÉCNICO EM NUTRIÇÃO E DIETÉTICA;EDUCAÇÃO A DISTÂNCIA;
07.182.476/0001-30;30715;TÉCNICO EM NUTRIÇÃO E DIETÉTICA;EDUCAÇÃO A DISTÂNCIA;
07.182.476/0001-30;30715;TÉCNICO EM RADIOLOGIA;EDUCAÇÃO A DISTÂNCIA;
07.182.476/0001-30;30715;TÉCNICO EM RADIOLOGIA;EDUCAÇÃO A DISTÂNCIA;
07.182.476/0001-30;30715;TÉCNICO EM SAÚDE BUCAL;EDUCAÇÃO A DISTÂNCIA;
07.182.476/0001-30;30715;TÉCNICO EM SAÚDE BUCAL;EDUCAÇÃO A DISTÂNCIA;
07.182.476/0001-30;30715;TÉCNICO EM SECRETARIA ESCOLAR;EDUCAÇÃO A DISTÂNCIA;
07.182.476/0001-30;30715;TÉCNICO EM SECRETARIA ESCOLAR;EDUCAÇÃO A DISTÂNCIA;
07.182.476/0001-30;30715;TÉCNICO EM SEGURANÇA DO TRABALHO;EDUCAÇÃO A DISTÂNCIA;
;32010;TÉCNICO EM EDIFICAÇÕES;EDUCAÇÃO PRESENCIAL;
;32010;TÉCNICO EM MECÂNICA;EDUCAÇÃO PRESENCIAL;
;32010;TÉCNICO EM SOLDAGEM;EDUCAÇÃO PRESENCIAL;
;43087;TÉCNICO EM ADMINISTRAÇÃO;EDUCAÇÃO PRESENCIAL;
;43087;TÉCNICO EM EDIFICAÇÕES;EDUCAÇÃO PRESENCIAL;
;43087;TÉCNICO EM ELETROMECÂNICA;EDUCAÇÃO PRESENCIAL;
;43087;TÉCNICO EM INFORMÁTICA;EDUCAÇÃO PRESENCIAL;
;43087;TÉCNICO EM LOGÍSTICA;EDUCAÇÃO PRESENCIAL;
;20677;TÉCNICO EM AUTOMAÇÃO INDUSTRIAL;EDUCAÇÃO A DISTÂNCIA;
;20677;TÉCNICO EM ELETROTÉCNICA;EDUCAÇÃO PRESENCIAL;
03.798.361/0001-13;40321;TÉCNICO EM ADMINISTRAÇÃO;EDUCAÇÃO PRESENCIAL;
03.798.361/0001-13;40321;TÉCNICO EM EDIFICAÇÕES;EDUCAÇÃO PRESENCIAL;
03.798.361/0001-13;40321;TÉCNICO EM ELETRÔNICA;EDUCAÇÃO PRESENCIAL;
03.798.361/0001-13;40321;TÉCNICO EM INFORMÁTICA PARA INTERNET;EDUCAÇÃO PRESENCIAL;
03.798.361/0001-13;40321;TÉCNICO EM LOGÍSTICA;EDUCAÇÃO PRESENCIAL;
03.798.361/0001-13;40321;TÉCNICO EM REDES DE COMPUTADORES;EDUCAÇÃO PRESENCIAL;
03.798.361/0001-13;40321;TÉCNICO EM SEGURANÇA DO TRABALHO;EDUCAÇÃO PRESENCIAL;
11.452.852/0001-36;42629;TÉCNICO EM ANÁLISES CLÍNICAS;EDUCAÇÃO PRESENCIAL;
11.452.852/0001-36;42629;TÉCNICO EM CUIDADOS DE IDOSOS;EDUCAÇÃO PRESENCIAL;
11.452.852/0001-36;42629;TÉCNICO EM ENFERMAGEM;EDUCAÇÃO PRESENCIAL;
11.452.852/0001-36;42629;TÉCNICO EM ENFERMAGEM;EDUCAÇÃO PRESENCIAL;
11.452.852/0001-36;42629;TÉCNICO EM FARMÁCIA;EDUCAÇÃO PRESENCIAL;
11.452.852/0001-36;42629;TÉCNICO EM IMOBILIZAÇÕES ORTOPÉDICAS;EDUCAÇÃO PRESENCIAL;
11.452.852/0001-36;42629;TÉCNICO EM MASSOTERAPIA;EDUCAÇÃO PRESENCIAL;
11.452.852/0001-36;42629;TÉCNICO EM RADIOLOGIA;EDUCAÇÃO PRESENCIAL;
11.452.852/0001-36;42629;TÉCNICO EM SAÚDE BUCAL;EDUCAÇÃO PRESENCIAL;
11.452.852/0001-36;42629;TÉCNICO EM SEGURANÇA DO TRABALHO;EDUCAÇÃO PRESENCIAL;
01.073.457/0001-99;1508;TÉCNICO EM COMÉRCIO;EDUCAÇÃO PRESENCIAL;
01.073.457/0001-99;1508;TÉCNICO EM EQUIPAMENTOS BIOMÉDICOS;EDUCAÇÃO PRESENCIAL;
01.073.457/0001-99;1508;TÉCNICO EM INFORMÁTICA PARA INTERNET;EDUCAÇÃO PRESENCIAL;
01.073.457/0001-99;1508;TÉCNICO EM RÁDIO E TELEVISÃO;EDUCAÇÃO PRESENCIAL;
01.073.457/0001-99;1508;TÉCNICO EM REDES DE COMPUTADORES;EDUCAÇÃO PRESENCIAL;
01.073.457/0001-99;1508;TÉCNICO EM SEGURANÇA DO TRABALHO;EDUCAÇÃO PRESENCIAL;
01.073.457/0001-99;1508;TÉCNICO EM TRANSAÇÕES IMOBILIÁRIAS;EDUCAÇÃO PRESENCIAL;
10.825.373/0001-55;43089;TÉCNICO EM ENFERMAGEM;EDUCAÇÃO PRESENCIAL;
10.825.373/0001-55;43089;TÉCNICO EM LOGÍSTICA;EDUCAÇÃO PRESENCIAL;
15.080.947/0001-27;42581;TÉCNICO EM SECRETARIA ESCOLAR;EDUCAÇÃO PRESENCIAL;
27.058.591/0001-04;46266;TÉCNICO EM ADMINISTRAÇÃO;EDUCAÇÃO PRESENCIAL;
27.058.591/0001-04;46266;TÉCNICO EM ANÁLISES CLÍNICAS;EDUCAÇÃO PRESENCIAL;
27.058.591/0001-04;46266;TÉCNICO EM EDIFICAÇÕES;EDUCAÇÃO PRESENCIAL;
27.058.591/0001-04;46266;TÉCNICO EM ELETROTÉCNICA;EDUCAÇÃO PRESENCIAL;
27.058.591/0001-04;46266;TÉCNICO EM ENFERMAGEM;EDUCAÇÃO PRESENCIAL;
27.058.591/0001-04;46266;TÉCNICO EM FARMÁCIA;EDUCAÇÃO PRESENCIAL;
27.058.591/0001-04;46266;TÉCNICO EM INFORMÁTICA;EDUCAÇÃO PRESENCIAL;
27.058.591/0001-04;46266;TÉCNICO EM RADIOLOGIA;EDUCAÇÃO PRESENCIAL;
27.058.591/0001-04;46266;TÉCNICO EM RECURSOS HUMANOS;EDUCAÇÃO PRESENCIAL;
27.058.591/0001-04;46266;TÉCNICO EM SEGURANÇA DO TRABALHO;EDUCAÇÃO PRESENCIAL;
08.018.817/0001-07;14267;TÉCNICO EM AÇÚCAR E ÁLCOOL;EDUCAÇÃO A DISTÂNCIA;
08.018.817/0001-07;14267;TÉCNICO EM AGENTE COMUNITÁRIO DE SAÚDE;EDUCAÇÃO A DISTÂNCIA;
08.018.817/0001-07;14267;TÉCNICO EM AGRICULTURA;EDUCAÇÃO A DISTÂNCIA;
08.018.817/0001-07;14267;TÉCNICO EM AGRONEGÓCIO;EDUCAÇÃO A DISTÂNCIA;
08.018.817/0001-07;14267;TÉCNICO EM ALIMENTAÇÃO ESCOLAR;EDUCAÇÃO A DISTÂNCIA;
08.018.817/0001-07;14267;TÉCNICO EM ANÁLISES CLÍNICAS;EDUCAÇÃO PRESENCIAL;
08.018.817/0001-07;14267;TÉCNICO EM ANÁLISES CLÍNICAS;EDUCAÇÃO A DISTÂNCIA;
08.018.817/0001-07;14267;TÉCNICO EM BIOTECNOLOGIA;EDUCAÇÃO A DISTÂNCIA;
08.018.817/0001-07;14267;TÉCNICO EM COMÉRCIO EXTERIOR;EDUCAÇÃO A DISTÂNCIA;
08.018.817/0001-07;14267;TÉCNICO EM CONSTRUÇÃO NAVAL;EDUCAÇÃO A DISTÂNCIA;
08.018.817/0001-07;14267;TÉCNICO EM EDIFICAÇÕES;EDUCAÇÃO A DISTÂNCIA;
08.018.817/0001-07;14267;TÉCNICO EM ELETRÔNICA;EDUCAÇÃO A DISTÂNCIA;
08.018.817/0001-07;14267;TÉCNICO EM ELETROTÉCNICA;EDUCAÇÃO A DISTÂNCIA;
08.018.817/0001-07;14267;TÉCNICO EM ENFERMAGEM;EDUCAÇÃO PRESENCIAL;
08.018.817/0001-07;14267;TÉCNICO EM ENFERMAGEM;EDUCAÇÃO A DISTÂNCIA;
08.018.817/0001-07;14267;TÉCNICO EM EQUIPAMENTOS BIOMÉDICOS;EDUCAÇÃO A DISTÂNCIA;
08.018.817/0001-07;14267;TÉCNICO EM ESTÉTICA;EDUCAÇÃO A DISTÂNCIA;
08.018.817/0001-07;14267;TÉCNICO EM EVENTOS;EDUCAÇÃO A DISTÂNCIA;
08.018.817/0001-07;14267;TÉCNICO EM FARMÁCIA;EDUCAÇÃO PRESENCIAL;
08.018.817/0001-07;14267;TÉCNICO EM FARMÁCIA;EDUCAÇÃO A DISTÂNCIA;
08.018.817/0001-07;14267;TÉCNICO EM GERÊNCIA DE SAÚDE;EDUCAÇÃO A DISTÂNCIA;
08.018.817/0001-07;14267;TÉCNICO EM GUIA DE TURISMO;EDUCAÇÃO A DISTÂNCIA;
08.018.817/0001-07;14267;TÉCNICO EM HOSPEDAGEM;EDUCAÇÃO A DISTÂNCIA;
08.018.817/0001-07;14267;TÉCNICO EM IMAGEM PESSOAL;EDUCAÇÃO A DISTÂNCIA;
08.018.817/0001-07;14267;TÉCNICO EM IMOBILIZAÇÕES ORTOPÉDICAS;EDUCAÇÃO A DISTÂNCIA;
08.018.817/0001-07;14267;TÉCNICO EM INFORMÁTICA;EDUCAÇÃO PRESENCIAL;
08.018.817/0001-07;14267;TÉCNICO EM INFORMÁTICA;EDUCAÇÃO A DISTÂNCIA;
08.018.817/0001-07;14267;TÉCNICO EM INFRAESTRUTURA ESCOLAR;EDUCAÇÃO A DISTÂNCIA;
08.018.817/0001-07;14267;TÉCNICO EM LOGÍSTICA;EDUCAÇÃO A DISTÂNCIA;
08.018.817/0001-07;14267;TÉCNICO EM MECÂNICA;EDUCAÇÃO A DISTÂNCIA;
08.018.817/0001-07;14267;TÉCNICO EM MEIO AMBIENTE;EDUCAÇÃO A DISTÂNCIA;
08.018.817/0001-07;14267;TÉCNICO EM MEIO AMBIENTE;EDUCAÇÃO PRESENCIAL;
08.018.817/0001-07;14267;TÉCNICO EM MINERAÇÃO;EDUCAÇÃO A DISTÂNCIA;
08.018.817/0001-07;14267;TÉCNICO EM MODELAGEM DO VESTUÁRIO;EDUCAÇÃO A DISTÂNCIA;
08.018.817/0001-07;14267;TÉCNICO EM MULTIMEIOS DIDÁTICOS;EDUCAÇÃO A DISTÂNCIA;
08.018.817/0001-07;14267;TÉCNICO EM NUTRIÇÃO E DIETÉTICA;EDUCAÇÃO PRESENCIAL;
08.018.817/0001-07;14267;TÉCNICO EM NUTRIÇÃO E DIETÉTICA;EDUCAÇÃO A DISTÂNCIA;
08.018.817/0001-07;14267;TÉCNICO EM PETRÓLEO E GÁS;EDUCAÇÃO A DISTÂNCIA;
08.018.817/0001-07;14267;TÉCNICO EM PRÓTESE DENTÁRIA;EDUCAÇÃO A DISTÂNCIA;
08.018.817/0001-07;14267;TÉCNICO EM QUALIDADE;EDUCAÇÃO A DISTÂNCIA;
08.018.817/0001-07;14267;TÉCNICO EM RÁDIO E TELEVISÃO;EDUCAÇÃO A DISTÂNCIA;
08.018.817/0001-07;14267;TÉCNICO EM RADIOLOGIA;EDUCAÇÃO A DISTÂNCIA;
08.018.817/0001-07;14267;TÉCNICO EM REABILITAÇÃO DE DEPENDENTES QUÍMICOS;EDUCAÇÃO A DISTÂNCIA;
08.018.817/0001-07;14267;TÉCNICO EM RECURSOS HUMANOS;EDUCAÇÃO A DISTÂNCIA;
08.018.817/0001-07;14267;TÉCNICO EM REFRIGERAÇÃO E CLIMATIZAÇÃO;EDUCAÇÃO A DISTÂNCIA;
08.018.817/0001-07;14267;TÉCNICO EM RESTAURANTE E BAR;EDUCAÇÃO A DISTÂNCIA;
08.018.817/0001-07;14267;TÉCNICO EM SAÚDE BUCAL;EDUCAÇÃO A DISTÂNCIA;
08.018.817/0001-07;14267;TÉCNICO EM SAÚDE BUCAL;EDUCAÇÃO PRESENCIAL;
08.018.817/0001-07;14267;TÉCNICO EM SECRETARIA ESCOLAR;EDUCAÇÃO A DISTÂNCIA;
08.018.817/0001-07;14267;TÉCNICO EM SEGURANÇA DO TRABALHO;EDUCAÇÃO A DISTÂNCIA;
08.018.817/0001-07;14267;TÉCNICO EM SEGURANÇA DO TRABALHO;EDUCAÇÃO PRESENCIAL;
08.018.817/0001-07;14267;TÉCNICO EM SOLDAGEM;EDUCAÇÃO A DISTÂNCIA;
08.018.817/0001-07;14267;TÉCNICO EM TRANSAÇÕES IMOBILIÁRIAS;EDUCAÇÃO A DISTÂNCIA;
08.018.817/0001-07;14267;TÉCNICO EM VENDAS;EDUCAÇÃO A DISTÂNCIA;
08.018.817/0001-07;14267;TÉCNICO EM VIGILÂNCIA EM SAÚDE;EDUCAÇÃO A DISTÂNCIA;
03.702.482/0001-10;12834;TÉCNICO EM ENFERMAGEM;EDUCAÇÃO PRESENCIAL;
03.702.482/0001-10;12834;TÉCNICO EM SAÚDE BUCAL;EDUCAÇÃO PRESENCIAL;
01.620.432/0001-68;23702;TÉCNICO EM ESTÉTICA;EDUCAÇÃO PRESENCIAL;
01.620.432/0001-68;23702;TÉCNICO EM ESTÉTICA;EDUCAÇÃO PRESENCIAL;
03.044.343/0001-46;12851;TÉCNICO EM ANÁLISES CLÍNICAS;EDUCAÇÃO PRESENCIAL;
03.044.343/0001-46;12851;TÉCNICO EM RADIOLOGIA;EDUCAÇÃO PRESENCIAL;
03.044.343/0001-46;12851;TÉCNICO EM RADIOLOGIA;EDUCAÇÃO PRESENCIAL;
12.517.793/0010-90;12801;TÉCNICO EM ANÁLISES CLÍNICAS;EDUCAÇÃO PRESENCIAL;
12.517.793/0010-90;12801;TÉCNICO EM ENFERMAGEM;EDUCAÇÃO PRESENCIAL;
12.517.793/0010-90;12801;TÉCNICO EM HEMOTERAPIA;EDUCAÇÃO PRESENCIAL;
12.517.793/0010-90;12801;TÉCNICO EM RADIOLOGIA;EDUCAÇÃO PRESENCIAL;
12.517.793/0010-90;12801;TÉCNICO EM SAÚDE BUCAL;EDUCAÇÃO PRESENCIAL;
12.517.793/0010-90;12801;TÉCNICO EM VIGILÂNCIA EM SAÚDE;EDUCAÇÃO PRESENCIAL;
03.798.361/0001-13;12850;TÉCNICO EM ALIMENTOS;EDUCAÇÃO PRESENCIAL;
03.798.361/0001-13;12850;TÉCNICO EM ALIMENTOS;EDUCAÇÃO PRESENCIAL;
03.798.361/0001-13;12850;TÉCNICO EM AUTOMAÇÃO INDUSTRIAL;EDUCAÇÃO A DISTÂNCIA;
03.798.361/0001-13;12850;TÉCNICO EM AUTOMAÇÃO INDUSTRIAL;EDUCAÇÃO PRESENCIAL;
03.798.361/0001-13;12850;TÉCNICO EM AUTOMAÇÃO INDUSTRIAL;EDUCAÇÃO PRESENCIAL;
03.798.361/0001-13;12850;TÉCNICO EM EDIFICAÇÕES;EDUCAÇÃO PRESENCIAL;
03.798.361/0001-13;12850;TÉCNICO EM EDIFICAÇÕES;EDUCAÇÃO PRESENCIAL;
03.798.361/0001-13;12850;TÉCNICO EM ELETROMECÂNICA;EDUCAÇÃO PRESENCIAL;
03.798.361/0001-13;12850;TÉCNICO EM ELETROMECÂNICA;EDUCAÇÃO A DISTÂNCIA;
03.798.361/0001-13;12850;TÉCNICO EM ELETROMECÂNICA;EDUCAÇÃO PRESENCIAL;
03.798.361/0001-13;12850;TÉCNICO EM ELETRÔNICA;EDUCAÇÃO PRESENCIAL;
03.798.361/0001-13;12850;TÉCNICO EM ELETRÔNICA;EDUCAÇÃO PRESENCIAL;
03.798.361/0001-13;12850;TÉCNICO EM ELETROTÉCNICA;EDUCAÇÃO PRESENCIAL;
03.798.361/0001-13;12850;TÉCNICO EM IMPRESSÃO OFFSET;EDUCAÇÃO PRESENCIAL;
03.798.361/0001-13;12850;TÉCNICO EM INFORMÁTICA PARA INTERNET;EDUCAÇÃO PRESENCIAL;
03.798.361/0001-13;12850;TÉCNICO EM LOGÍSTICA;EDUCAÇÃO A DISTÂNCIA;
03.798.361/0001-13;12850;TÉCNICO EM LOGÍSTICA;EDUCAÇÃO PRESENCIAL;
03.798.361/0001-13;12850;TÉCNICO EM LOGÍSTICA;EDUCAÇÃO PRESENCIAL;
03.798.361/0001-13;12850;TÉCNICO EM MANUTENÇÃO AUTOMOTIVA;EDUCAÇÃO PRESENCIAL;
03.798.361/0001-13;12850;TÉCNICO EM MANUTENÇÃO DE MÁQUINAS INDUSTRIAIS;EDUCAÇÃO PRESENCIAL;
03.798.361/0001-13;12850;TÉCNICO EM PETROQUÍMICA;EDUCAÇÃO PRESENCIAL;
03.798.361/0001-13;12850;TÉCNICO EM REDES DE COMPUTADORES;EDUCAÇÃO PRESENCIAL;
03.798.361/0001-13;12850;TÉCNICO EM SEGURANÇA DO TRABALHO;EDUCAÇÃO A DISTÂNCIA;
03.798.361/0001-13;12850;TÉCNICO EM SEGURANÇA DO TRABALHO;EDUCAÇÃO PRESENCIAL;
03.798.361/0001-13;12850;TÉCNICO EM SEGURANÇA DO TRABALHO;EDUCAÇÃO PRESENCIAL;
01.785.759/0002-70;12802;TÉCNICO EM ANÁLISES CLÍNICAS;EDUCAÇÃO PRESENCIAL;
01.785.759/0002-70;12802;TÉCNICO EM ENFERMAGEM;EDUCAÇÃO PRESENCIAL;
01.785.759/0002-70;12802;TÉCNICO EM NUTRIÇÃO E DIETÉTICA;EDUCAÇÃO PRESENCIAL;
24.464.109/0001-48;3820;TÉCNICO EM CANTO;EDUCAÇÃO PRESENCIAL;
24.464.109/0001-48;3820;TÉCNICO EM CENOGRAFIA;EDUCAÇÃO PRESENCIAL;
24.464.109/0001-48;3820;TÉCNICO EM COMUNICAÇÃO VISUAL;EDUCAÇÃO PRESENCIAL;
24.464.109/0001-48;3820;TÉCNICO EM DANÇA;EDUCAÇÃO PRESENCIAL;
24.464.109/0001-48;3820;TÉCNICO EM DESIGN DE INTERIORES;EDUCAÇÃO PRESENCIAL;
24.464.109/0001-48;3820;TÉCNICO EM DESIGN DE MÓVEIS;EDUCAÇÃO PRESENCIAL;
24.464.109/0001-48;3820;TÉCNICO EM INSTRUMENTO MUSICAL;EDUCAÇÃO PRESENCIAL;
24.464.109/0001-48;3820;TÉCNICO EM PRODUÇÃO DE MODA;EDUCAÇÃO PRESENCIAL;
24.464.109/0001-48;3820;TÉCNICO EM RÁDIO E TELEVISÃO;EDUCAÇÃO PRESENCIAL;
24.464.109/0001-48;3820;TÉCNICO EM TEATRO;EDUCAÇÃO PRESENCIAL;
13.013.263/0001-87;24497;TÉCNICO EM MASSOTERAPIA;EDUCAÇÃO PRESENCIAL;
15.218.182/0001-49;31956;TÉCNICO EM ELETROTÉCNICA;EDUCAÇÃO PRESENCIAL;
15.218.182/0001-49;31956;TÉCNICO EM MECÂNICA;EDUCAÇÃO PRESENCIAL;
03.733.150/0001-00;12846;TÉCNICO EM TRANSAÇÕES IMOBILIÁRIAS;EDUCAÇÃO A DISTÂNCIA;
03.733.150/0001-00;12846;TÉCNICO EM TRANSAÇÕES IMOBILIÁRIAS;EDUCAÇÃO A DISTÂNCIA;
;12847;TÉCNICO EM ADMINISTRAÇÃO;EDUCAÇÃO PRESENCIAL;
;2854;INFRAESTRUTURA ESCOLAR;EDUCAÇÃO A DISTÂNCIA;
;2854;INFRAESTRUTURA URBANA;EDUCAÇÃO PRESENCIAL;
;2854;SECRETARIA ESCOLAR;EDUCAÇÃO A DISTÂNCIA;
;2854;TÉCNICO EM ALIMENTAÇÃO ESCOLAR;EDUCAÇÃO A DISTÂNCIA;
;2854;TÉCNICO EM ARTESANATO;EDUCAÇÃO PRESENCIAL;
;2854;TÉCNICO EM ARTESANATO;EDUCAÇÃO PRESENCIAL;
;2854;TÉCNICO EM DESENVOLVIMENTO DE SISTEMAS;EDUCAÇÃO PRESENCIAL;
;2854;TÉCNICO EM EDIFICAÇÕES;EDUCAÇÃO PRESENCIAL;
;2854;TÉCNICO EM ELETRÔNICA;EDUCAÇÃO PRESENCIAL;
;2854;TÉCNICO EM ELETROTÉCNICA;EDUCAÇÃO PRESENCIAL;
;2854;TÉCNICO EM ELETROTÉCNICA;EDUCAÇÃO PRESENCIAL;
;2854;TÉCNICO EM ESTRADAS;EDUCAÇÃO PRESENCIAL;
;2854;TÉCNICO EM INFORMÁTICA;EDUCAÇÃO PRESENCIAL;
;2854;TÉCNICO EM INFORMÁTICA PARA INTERNET;EDUCAÇÃO PRESENCIAL;
;2854;TÉCNICO EM MECÂNICA;EDUCAÇÃO PRESENCIAL;
;2854;TÉCNICO EM MECÂNICA;EDUCAÇÃO PRESENCIAL;
;2854;TÉCNICO EM QUÍMICA;EDUCAÇÃO PRESENCIAL;
;2854;TÉCNICO EM QUÍMICA;EDUCAÇÃO PRESENCIAL;
;2854;TÉCNICO EM SEGURANÇA DO TRABALHO;EDUCAÇÃO PRESENCIAL;
03.692.424/0011-24;1501;TÉCNICO EM ADMINISTRAÇÃO;EDUCAÇÃO A DISTÂNCIA;
03.692.424/0011-24;1501;TÉCNICO EM ADMINISTRAÇÃO;EDUCAÇÃO PRESENCIAL;
03.692.424/0011-24;1501;TÉCNICO EM ADMINISTRAÇÃO;EDUCAÇÃO A DISTÂNCIA;
03.692.424/0011-24;1501;TÉCNICO EM ANÁLISES CLÍNICAS;EDUCAÇÃO PRESENCIAL;
03.692.424/0011-24;1501;TÉCNICO EM ANÁLISES CLÍNICAS;EDUCAÇÃO PRESENCIAL;
03.692.424/0011-24;1501;TÉCNICO EM DESIGN DE INTERIORES;EDUCAÇÃO A DISTÂNCIA;
03.692.424/0011-24;1501;TÉCNICO EM DESIGN DE INTERIORES;EDUCAÇÃO A DISTÂNCIA;
03.692.424/0011-24;1501;TÉCNICO EM ENFERMAGEM;EDUCAÇÃO PRESENCIAL;
03.692.424/0011-24;1501;TÉCNICO EM ENFERMAGEM;EDUCAÇÃO PRESENCIAL;
03.692.424/0011-24;1501;TÉCNICO EM ESTÉTICA;EDUCAÇÃO PRESENCIAL;
03.692.424/0011-24;1501;TÉCNICO EM ESTÉTICA;EDUCAÇÃO PRESENCIAL;
03.692.424/0011-24;1501;TÉCNICO EM EVENTOS;EDUCAÇÃO PRESENCIAL;
03.692.424/0011-24;1501;TÉCNICO EM GUIA DE TURISMO;EDUCAÇÃO PRESENCIAL;
03.692.424/0011-24;1501;TÉCNICO EM GUIA DE TURISMO;EDUCAÇÃO A DISTÂNCIA;
03.692.424/0011-24;1501;TÉCNICO EM GUIA DE TURISMO;EDUCAÇÃO A DISTÂNCIA;
03.692.424/0011-24;1501;TÉCNICO EM GUIA DE TURISMO;EDUCAÇÃO A DISTÂNCIA;
03.692.424/0011-24;1501;TÉCNICO EM GUIA DE TURISMO;EDUCAÇÃO PRESENCIAL;
03.692.424/0011-24;1501;TÉCNICO EM GUIA DE TURISMO;EDUCAÇÃO PRESENCIAL;
03.692.424/0011-24;1501;TÉCNICO EM GUIA DE TURISMO;EDUCAÇÃO PRESENCIAL;
03.692.424/0011-24;1501;TÉCNICO EM HOSPEDAGEM;EDUCAÇÃO PRESENCIAL;
03.692.424/0011-24;1501;TÉCNICO EM INFORMÁTICA;EDUCAÇÃO PRESENCIAL;
03.692.424/0011-24;1501;TÉCNICO EM INFORMÁTICA PARA INTERNET;EDUCAÇÃO A DISTÂNCIA;
03.692.424/0011-24;1501;TÉCNICO EM INFORMÁTICA PARA INTERNET;EDUCAÇÃO A DISTÂNCIA;
03.692.424/0011-24;1501;TÉCNICO EM LOGÍSTICA;EDUCAÇÃO A DISTÂNCIA;
03.692.424/0011-24;1501;TÉCNICO EM LOGÍSTICA;EDUCAÇÃO PRESENCIAL;
03.692.424/0011-24;1501;TÉCNICO EM LOGÍSTICA;EDUCAÇÃO A DISTÂNCIA;
03.692.424/0011-24;1501;TÉCNICO EM MARKETING;EDUCAÇÃO A DISTÂNCIA;
03.692.424/0011-24;1501;TÉCNICO EM MASSOTERAPIA;EDUCAÇÃO PRESENCIAL;
03.692.424/0011-24;1501;TÉCNICO EM MEIO AMBIENTE;EDUCAÇÃO PRESENCIAL;
03.692.424/0011-24;1501;TÉCNICO EM MEIO AMBIENTE;EDUCAÇÃO A DISTÂNCIA;
03.692.424/0011-24;1501;TÉCNICO EM MEIO AMBIENTE;EDUCAÇÃO A DISTÂNCIA;
03.692.424/0011-24;1501;TÉCNICO EM NUTRIÇÃO E DIETÉTICA;EDUCAÇÃO PRESENCIAL;
03.692.424/0011-24;1501;TÉCNICO EM NUTRIÇÃO E DIETÉTICA;EDUCAÇÃO PRESENCIAL;
03.692.424/0011-24;1501;TÉCNICO EM NUTRIÇÃO E DIETÉTICA;EDUCAÇÃO PRESENCIAL;
03.692.424/0011-24;1501;TÉCNICO EM PRODUÇÃO DE MODA;EDUCAÇÃO PRESENCIAL;
03.692.424/0011-24;1501;TÉCNICO EM PROGRAMAÇÃO DE JOGOS DIGITAIS;EDUCAÇÃO A DISTÂNCIA;
03.692.424/0011-24;1501;TÉCNICO EM PROGRAMAÇÃO DE JOGOS DIGITAIS;EDUCAÇÃO A DISTÂNCIA;
03.692.424/0011-24;1501;TÉCNICO EM PRÓTESE DENTÁRIA;EDUCAÇÃO PRESENCIAL;
03.692.424/0011-24;1501;TÉCNICO EM PRÓTESE DENTÁRIA;EDUCAÇÃO PRESENCIAL;
03.692.424/0011-24;1501;TÉCNICO EM QUALIDADE;EDUCAÇÃO A DISTÂNCIA;
03.692.424/0011-24;1501;TÉCNICO EM QUALIDADE;EDUCAÇÃO A DISTÂNCIA;
03.692.424/0011-24;1501;TÉCNICO EM RADIOLOGIA;EDUCAÇÃO PRESENCIAL;
03.692.424/0011-24;1501;TÉCNICO EM RADIOLOGIA;EDUCAÇÃO PRESENCIAL;
03.692.424/0011-24;1501;TÉCNICO EM RECURSOS HUMANOS;EDUCAÇÃO PRESENCIAL;
03.692.424/0011-24;1501;TÉCNICO EM RECURSOS HUMANOS;EDUCAÇÃO A DISTÂNCIA;
03.692.424/0011-24;1501;TÉCNICO EM RECURSOS HUMANOS;EDUCAÇÃO A DISTÂNCIA;
03.692.424/0011-24;1501;TÉCNICO EM SAÚDE BUCAL;EDUCAÇÃO PRESENCIAL;
03.692.424/0011-24;1501;TÉCNICO EM SAÚDE BUCAL;EDUCAÇÃO PRESENCIAL;
03.692.424/0011-24;1501;TÉCNICO EM SECRETARIADO;EDUCAÇÃO PRESENCIAL;
03.692.424/0011-24;1501;TÉCNICO EM SECRETARIADO;EDUCAÇÃO A DISTÂNCIA;
03.692.424/0011-24;1501;TÉCNICO EM SECRETARIADO;EDUCAÇÃO PRESENCIAL;
03.692.424/0011-24;1501;TÉCNICO EM SECRETARIADO;EDUCAÇÃO A DISTÂNCIA;
03.692.424/0011-24;1501;TÉCNICO EM SEGURANÇA DO TRABALHO;EDUCAÇÃO PRESENCIAL;
03.692.424/0011-24;1501;TÉCNICO EM SEGURANÇA DO TRABALHO;EDUCAÇÃO A DISTÂNCIA;
03.692.424/0011-24;1501;TÉCNICO EM SEGURANÇA DO TRABALHO;EDUCAÇÃO A DISTÂNCIA;
03.692.424/0011-24;1501;TÉCNICO EM SEGURANÇA DO TRABALHO;EDUCAÇÃO PRESENCIAL;
03.692.424/0011-24;1501;TÉCNICO EM TRANSAÇÕES IMOBILIÁRIAS;EDUCAÇÃO A DISTÂNCIA;
03.692.424/0011-24;1501;TÉCNICO EM TRANSAÇÕES IMOBILIÁRIAS;EDUCAÇÃO A DISTÂNCIA;
03.692.424/0011-24;1501;TÉCNICO EM TRANSAÇÕES IMOBILIÁRIAS;EDUCAÇÃO PRESENCIAL;
08.428.104/0002-94;12840;TÉCNICO EM AGENTE COMUNITÁRIO DE SAÚDE;EDUCAÇÃO PRESENCIAL;
08.428.104/0002-94;12840;TÉCNICO EM FARMÁCIA;EDUCAÇÃO PRESENCIAL;
08.428.104/0002-94;12840;TÉCNICO EM SECRETARIA ESCOLAR;EDUCAÇÃO PRESENCIAL;
08.428.104/0002-94;12840;TÉCNICO EM SEGURANÇA DO TRABALHO;EDUCAÇÃO PRESENCIAL;
12.158.176/0002-36;12853;TÉCNICO EM ADMINISTRAÇÃO;EDUCAÇÃO PRESENCIAL;
12.158.176/0002-36;12853;TÉCNICO EM CONTABILIDADE;EDUCAÇÃO PRESENCIAL;
12.158.176/0002-36;12853;TÉCNICO EM SEGURANÇA DO TRABALHO;EDUCAÇÃO PRESENCIAL;
13.688.781/0001-09;44467;TÉCNICO EM EDIFICAÇÕES;EDUCAÇÃO A DISTÂNCIA;
13.688.781/0001-09;44467;TÉCNICO EM INFORMÁTICA;EDUCAÇÃO A DISTÂNCIA;
13.688.781/0001-09;44467;TÉCNICO EM MEIO AMBIENTE;EDUCAÇÃO A DISTÂNCIA;
13.688.781/0001-09;44467;TÉCNICO EM PETRÓLEO E GÁS;EDUCAÇÃO A DISTÂNCIA;
13.688.781/0001-09;44467;TÉCNICO EM SEGURANÇA DO TRABALHO;EDUCAÇÃO A DISTÂNCIA;
13.688.781/0001-09;44467;TÉCNICO EM TRANSAÇÕES IMOBILIÁRIAS;EDUCAÇÃO A DISTÂNCIA;
03.798.361/0001-13;3858;TÉCNICO EM ADMINISTRAÇÃO;EDUCAÇÃO PRESENCIAL;
03.798.361/0001-13;3858;TÉCNICO EM EDIFICAÇÕES;EDUCAÇÃO PRESENCIAL;
03.798.361/0001-13;3858;TÉCNICO EM ELETROELETRÔNICA;EDUCAÇÃO PRESENCIAL;
03.798.361/0001-13;3858;TÉCNICO EM INFORMÁTICA;EDUCAÇÃO PRESENCIAL;
03.798.361/0001-13;3858;TÉCNICO EM PLÁSTICOS;EDUCAÇÃO PRESENCIAL;
03.798.361/0001-13;3858;TÉCNICO EM SEGURANÇA DO TRABALHO;EDUCAÇÃO PRESENCIAL;
03.591.599/0001-73;21798;TÉCNICO EM AGENTE COMUNITÁRIO DE SAÚDE;EDUCAÇÃO PRESENCIAL;
03.591.599/0001-73;21798;TÉCNICO EM ANÁLISES CLÍNICAS;EDUCAÇÃO PRESENCIAL;
03.591.599/0001-73;21798;TÉCNICO EM CUIDADOS DE IDOSOS;EDUCAÇÃO PRESENCIAL;
03.591.599/0001-73;21798;TÉCNICO EM ENFERMAGEM;EDUCAÇÃO PRESENCIAL;
03.591.599/0001-73;21798;TÉCNICO EM ENFERMAGEM;EDUCAÇÃO PRESENCIAL;
03.591.599/0001-73;21798;TÉCNICO EM FARMÁCIA;EDUCAÇÃO PRESENCIAL;
03.591.599/0001-73;21798;TÉCNICO EM INFORMÁTICA;EDUCAÇÃO PRESENCIAL;
03.591.599/0001-73;21798;TÉCNICO EM MASSOTERAPIA;EDUCAÇÃO PRESENCIAL;
03.591.599/0001-73;21798;TÉCNICO EM NUTRIÇÃO E DIETÉTICA;EDUCAÇÃO PRESENCIAL;
03.591.599/0001-73;21798;TÉCNICO EM RADIOLOGIA;EDUCAÇÃO PRESENCIAL;
03.591.599/0001-73;21798;TÉCNICO EM SECRETARIA ESCOLAR;EDUCAÇÃO PRESENCIAL;
03.591.599/0001-73;21798;TÉCNICO EM SEGURANÇA DO TRABALHO;EDUCAÇÃO PRESENCIAL;
04.836.909/0002-16;1513;TÉCNICO EM COMÉRCIO EXTERIOR;EDUCAÇÃO PRESENCIAL;
04.836.909/0002-16;1513;TÉCNICO EM ÓPTICA;EDUCAÇÃO PRESENCIAL;
04.836.909/0002-16;1513;TÉCNICO EM ÓPTICA;EDUCAÇÃO PRESENCIAL;
04.836.909/0002-16;1513;TÉCNICO EM OPTOMETRIA;EDUCAÇÃO PRESENCIAL;
04.836.909/0002-16;1513;TÉCNICO EM OPTOMETRIA;EDUCAÇÃO PRESENCIAL;
04.836.909/0002-16;1513;TÉCNICO EM SERVIÇOS JURÍDICOS;EDUCAÇÃO PRESENCIAL;
04.836.909/0002-16;1513;TÉCNICO EM TRANSAÇÕES IMOBILIÁRIAS;EDUCAÇÃO PRESENCIAL;
04.686.247/0001-64;12855;TÉCNICO EM CONTABILIDADE;EDUCAÇÃO PRESENCIAL;
04.686.247/0001-64;12855;TÉCNICO EM FARMÁCIA;EDUCAÇÃO PRESENCIAL;
04.686.247/0001-64;12855;TÉCNICO EM INFORMÁTICA;EDUCAÇÃO PRESENCIAL;
04.686.247/0001-64;12855;TÉCNICO EM INFORMÁTICA;EDUCAÇÃO PRESENCIAL;
04.686.247/0001-64;12855;TÉCNICO EM MEIO AMBIENTE;EDUCAÇÃO PRESENCIAL;
04.686.247/0001-64;12855;TÉCNICO EM MEIO AMBIENTE;EDUCAÇÃO PRESENCIAL;
04.686.247/0001-64;12855;TÉCNICO EM MEIO AMBIENTE;EDUCAÇÃO A DISTÂNCIA;
04.686.247/0001-64;12855;TÉCNICO EM RADIOLOGIA;EDUCAÇÃO PRESENCIAL;
04.686.247/0001-64;12855;TÉCNICO EM SEGURANÇA DO TRABALHO;EDUCAÇÃO PRESENCIAL;
04.686.247/0001-64;12855;TÉCNICO EM SEGURANÇA DO TRABALHO;EDUCAÇÃO PRESENCIAL;
04.686.247/0001-64;12855;TÉCNICO EM SEGURANÇA DO TRABALHO;EDUCAÇÃO A DISTÂNCIA;
04.686.247/0001-64;12855;TÉCNICO EM SERVIÇOS JURÍDICOS;EDUCAÇÃO PRESENCIAL;
04.686.247/0001-64;12855;TÉCNICO EM TRANSAÇÕES IMOBILIÁRIAS;EDUCAÇÃO A DISTÂNCIA;
04.686.247/0001-64;12855;TÉCNICO EM TRANSAÇÕES IMOBILIÁRIAS;EDUCAÇÃO PRESENCIAL;
03.692.424/0005-86;12242;TÉCNICO EM INFORMÁTICA;EDUCAÇÃO PRESENCIAL;
;14549;TÉCNICO EM AGROECOLOGIA;EDUCAÇÃO PRESENCIAL;
;14549;TÉCNICO EM ALIMENTAÇÃO ESCOLAR;EDUCAÇÃO A DISTÂNCIA;
;14549;TÉCNICO EM HOSPEDAGEM;EDUCAÇÃO PRESENCIAL;
;2870;GUIA DE TURISMO REGIONAL;EDUCAÇÃO PRESENCIAL;
;2870;TÉCNICO EM COZINHA;EDUCAÇÃO PRESENCIAL;
;2870;TÉCNICO EM COZINHA;EDUCAÇÃO PRESENCIAL;
;2870;TÉCNICO EM HOSPEDAGEM;EDUCAÇÃO PRESENCIAL;
;2870;TÉCNICO EM HOSPEDAGEM;EDUCAÇÃO PRESENCIAL;
;2870;TÉCNICO EM MEIO AMBIENTE;EDUCAÇÃO PRESENCIAL;
03.798.361/0001-13;40323;TÉCNICO EM ADMINISTRAÇÃO;EDUCAÇÃO PRESENCIAL;
03.798.361/0001-13;40323;TÉCNICO EM LOGÍSTICA;EDUCAÇÃO PRESENCIAL;
03.798.361/0001-13;40323;TÉCNICO EM REDES DE COMPUTADORES;EDUCAÇÃO PRESENCIAL;
03.798.361/0001-13;40323;TÉCNICO EM SEGURANÇA DO TRABALHO;EDUCAÇÃO PRESENCIAL;
;43313;TÉCNICO EM ADMINISTRAÇÃO;EDUCAÇÃO PRESENCIAL;
;43313;TÉCNICO EM EDIFICAÇÕES;EDUCAÇÃO PRESENCIAL;
;43313;TÉCNICO EM INFORMÁTICA;EDUCAÇÃO PRESENCIAL;
;43313;TÉCNICO EM LOGÍSTICA;EDUCAÇÃO PRESENCIAL;
;14551;TÉCNICO EM AGROECOLOGIA;EDUCAÇÃO PRESENCIAL;
;14551;TÉCNICO EM AGROINDÚSTRIA;EDUCAÇÃO PRESENCIAL;
;14551;TÉCNICO EM INFRAESTRUTURA ESCOLAR;EDUCAÇÃO A DISTÂNCIA;
;2864;INFRAESTRUTURA ESCOLAR;EDUCAÇÃO A DISTÂNCIA;
;2864;TÉCNICO EM ALIMENTAÇÃO ESCOLAR;EDUCAÇÃO A DISTÂNCIA;
;2864;TÉCNICO EM EDIFICAÇÕES;EDUCAÇÃO PRESENCIAL;
;2864;TÉCNICO EM ELETROTÉCNICA;EDUCAÇÃO PRESENCIAL;
;2864;TÉCNICO EM ELETROTÉCNICA;EDUCAÇÃO PRESENCIAL;
;2864;TÉCNICO EM INFORMÁTICA;EDUCAÇÃO PRESENCIAL;
;2864;TÉCNICO EM SEGURANÇA DO TRABALHO;EDUCAÇÃO PRESENCIAL;
;2864;TÉCNICO EM SEGURANÇA DO TRABALHO;EDUCAÇÃO PRESENCIAL;
;2864;TÉCNICO EM SEGURANÇA DO TRABALHO;EDUCAÇÃO PRESENCIAL;
00.837.546/0004-44;44064;TÉCNICO EM ENFERMAGEM;EDUCAÇÃO PRESENCIAL;
00.837.546/0004-44;44064;TÉCNICO EM RADIOLOGIA;EDUCAÇÃO PRESENCIAL;
00.837.546/0004-44;44064;TÉCNICO EM SEGURANÇA DO TRABALHO;EDUCAÇÃO PRESENCIAL;
12.514.949/0001-99;12796;TÉCNICO EM ENFERMAGEM;EDUCAÇÃO PRESENCIAL;
;43312;TÉCNICO EM ADMINISTRAÇÃO;EDUCAÇÃO PRESENCIAL;
;43312;TÉCNICO EM EDIFICAÇÕES;EDUCAÇÃO PRESENCIAL;
;43312;TÉCNICO EM ELETROMECÂNICA;EDUCAÇÃO PRESENCIAL;
;43312;TÉCNICO EM INFORMÁTICA;EDUCAÇÃO PRESENCIAL;
;43312;TÉCNICO EM LOGÍSTICA;EDUCAÇÃO PRESENCIAL;
;43312;TÉCNICO EM SEGURANÇA DO TRABALHO;EDUCAÇÃO PRESENCIAL;
;45652;TÉCNICO EM ENFERMAGEM;EDUCAÇÃO PRESENCIAL;
;14548;SECRETARIA ESCOLAR;EDUCAÇÃO A DISTÂNCIA;
;14548;TÉCNICO EM AÇÚCAR E ÁLCOOL;EDUCAÇÃO PRESENCIAL;
;14548;TÉCNICO EM MEIO AMBIENTE;EDUCAÇÃO PRESENCIAL;
;14548;TÉCNICO EM QUÍMICA;EDUCAÇÃO PRESENCIAL;
;14548;TÉCNICO EM QUÍMICA;EDUCAÇÃO PRESENCIAL;
;14550;TÉCNICO EM AGROECOLOGIA;EDUCAÇÃO PRESENCIAL;
;14550;TÉCNICO EM AGROINDÚSTRIA;EDUCAÇÃO PRESENCIAL;
;14550;TÉCNICO EM AGROPECUÁRIA;EDUCAÇÃO PRESENCIAL;
;14550;TÉCNICO EM ALIMENTOS;EDUCAÇÃO PRESENCIAL;
;14550;TÉCNICO EM ALIMENTOS;EDUCAÇÃO PRESENCIAL;
;32016;TÉCNICO EM INFORMÁTICA;EDUCAÇÃO PRESENCIAL;
;32016;TÉCNICO EM INFORMÁTICA PARA INTERNET;EDUCAÇÃO PRESENCIAL;
;14552;INFRAESTRUTURA ESCOLAR;EDUCAÇÃO A DISTÂNCIA;
;14552;SECRETARIA ESCOLAR;EDUCAÇÃO A DISTÂNCIA;
;14552;TÉCNICO EM ADMINISTRAÇÃO;EDUCAÇÃO PRESENCIAL;
;14552;TÉCNICO EM ADMINISTRAÇÃO;EDUCAÇÃO PRESENCIAL;
;14552;TÉCNICO EM AGROPECUÁRIA;EDUCAÇÃO PRESENCIAL;
;14552;TÉCNICO EM AGROPECUÁRIA;EDUCAÇÃO PRESENCIAL;
;14552;TÉCNICO EM ALIMENTAÇÃO ESCOLAR;EDUCAÇÃO A DISTÂNCIA;
;22075;TÉCNICO EM ENFERMAGEM;EDUCAÇÃO PRESENCIAL;
;22075;TÉCNICO EM ENFERMAGEM;EDUCAÇÃO PRESENCIAL;
;22075;TÉCNICO EM SECRETARIA ESCOLAR;EDUCAÇÃO PRESENCIAL;
;48061;TÉCNICO EM ENFERMAGEM;EDUCAÇÃO PRESENCIAL;
;46644;TÉCNICO EM ENFERMAGEM;EDUCAÇÃO PRESENCIAL;
;46644;TÉCNICO EM ENFERMAGEM;EDUCAÇÃO PRESENCIAL;
;20254;TÉCNICO EM ADMINISTRAÇÃO;EDUCAÇÃO PRESENCIAL;
;20254;TÉCNICO EM EDIFICAÇÕES;EDUCAÇÃO PRESENCIAL;
;20254;TÉCNICO EM ELETROMECÂNICA;EDUCAÇÃO PRESENCIAL;
;20254;TÉCNICO EM INFORMÁTICA;EDUCAÇÃO PRESENCIAL;
;14553;TÉCNICO EM INFORMÁTICA PARA INTERNET;EDUCAÇÃO PRESENCIAL;
;14553;TÉCNICO EM SEGURANÇA DO TRABALHO;EDUCAÇÃO PRESENCIAL;
;2855;TÉCNICO EM AGROINDÚSTRIA;EDUCAÇÃO PRESENCIAL;
;2855;TÉCNICO EM AGROPECUÁRIA;EDUCAÇÃO PRESENCIAL;
;2855;TÉCNICO EM AGROPECUÁRIA;EDUCAÇÃO PRESENCIAL;
12.235.070/0001-08;46031;TÉCNICO EM AÇÚCAR E ÁLCOOL;EDUCAÇÃO PRESENCIAL;
12.235.070/0001-08;46031;TÉCNICO EM ADMINISTRAÇÃO;EDUCAÇÃO PRESENCIAL;
12.235.070/0001-08;46031;TÉCNICO EM ADMINISTRAÇÃO;EDUCAÇÃO PRESENCIAL;
12.235.070/0001-08;46031;TÉCNICO EM AGROECOLOGIA;EDUCAÇÃO PRESENCIAL;
12.235.070/0001-08;46031;TÉCNICO EM BIOCOMBUSTÍVEIS;EDUCAÇÃO PRESENCIAL;
12.235.070/0001-08;46031;TÉCNICO EM ENFERMAGEM;EDUCAÇÃO PRESENCIAL;
12.235.070/0001-08;46031;TÉCNICO EM ESTÉTICA;EDUCAÇÃO PRESENCIAL;
12.235.070/0001-08;46031;TÉCNICO EM FABRICAÇÃO MECÂNICA;EDUCAÇÃO PRESENCIAL;
12.235.070/0001-08;46031;TÉCNICO EM FABRICAÇÃO MECÂNICA;EDUCAÇÃO PRESENCIAL;
12.235.070/0001-08;46031;TÉCNICO EM INFORMÁTICA;EDUCAÇÃO PRESENCIAL;
12.235.070/0001-08;46031;TÉCNICO EM LOGÍSTICA;EDUCAÇÃO PRESENCIAL;
12.235.070/0001-08;46031;TÉCNICO EM SECRETARIA ESCOLAR;EDUCAÇÃO PRESENCIAL;
00.769.352/0001-06;46143;TÉCNICO EM MARKETING;EDUCAÇÃO PRESENCIAL;
00.769.352/0001-06;46143;TÉCNICO EM RECURSOS HUMANOS;EDUCAÇÃO PRESENCIAL;
;32002;TÉCNICO EM ADMINISTRAÇÃO;EDUCAÇÃO PRESENCIAL;
;32002;TÉCNICO EM INFORMÁTICA PARA INTERNET;EDUCAÇÃO PRESENCIAL;
;32002;TÉCNICO EM INFORMÁTICA PARA INTERNET;EDUCAÇÃO PRESENCIAL;
;32002;TÉCNICO EM INFRAESTRUTURA ESCOLAR;EDUCAÇÃO A DISTÂNCIA;
;32002;TÉCNICO EM SECRETARIA ESCOLAR;EDUCAÇÃO A DISTÂNCIA;
